{
  "dist_to_subway_meters": 0.0038494248874485493,
  "dist_to_union_meters": 0.00859574880450964,
  "number_of_reviews": 0.0034948557149618864,
  "reviews_per_month": 0.00410060491412878,
  "minimum_nights": 0.012529103085398674,
  "availability_365": 0.004851900972425938,
  "calculated_host_listings_count": 0.008954229764640331,
  "accommodates": 0.029962975531816483,
  "bedrooms": 0.011714537627995014,
  "beds": 0.005390800070017576,
  "bathrooms": 0.06204051524400711,
  "has_pool": 0.00932101160287857,
  "has_ac": 0.005222152918577194,
  "has_fparking": 0.004534867126494646,
  "has_wifi": 0.005355069879442453,
  "room_Entire home/apt": 0.5234028100967407,
  "room_Hotel room": 0.0016573023749515414,
  "room_Private room": 0.2735796570777893,
  "room_Shared room": 0.013638588599860668,
  "hood_Neighborhood highlights": 0.003948212135583162,
  "hood_Unknown": 0.0038555937353521585
}