{
  "dist_to_subway_meters": 0.002067970810458064,
  "dist_to_union_meters": 0.0048670899122953415,
  "number_of_reviews": 0.0020310990512371063,
  "reviews_per_month": 0.0022434392012655735,
  "minimum_nights": 0.00688279140740633,
  "availability_365": 0.00247970107011497,
  "calculated_host_listings_count": 0.005543034058064222,
  "accommodates": 0.029678218066692352,
  "bedrooms": 0.019053498283028603,
  "beds": 0.006025673821568489,
  "bathrooms": 0.030864685773849487,
  "has_pool": 0.004440221004188061,
  "has_ac": 0.0029691329691559076,
  "has_fparking": 0.0023125687148422003,
  "has_wifi": 0.0031274587381631136,
  "has_gym": 0.0040136948227882385,
  "has_kitchen": 0.0028509520925581455,
  "has_fireplace": 0.004170091822743416,
  "review_scores_rating": 0.001798408105969429,
  "review_scores_cleanliness": 0.0020396513864398003,
  "review_scores_location": 0.0021640928462147713,
  "review_scores_value": 0.001691365148872137,
  "host_is_superhost": 0.0017724672798067331,
  "host_identity_verified": 0.0020701989997178316,
  "instant_bookable": 0.0019372531678527594,
  "privacy_index": 0.0058929952792823315,
  "bathroom_ratio": 0.00448431633412838,
  "prop_Entire bungalow": 0.002793846884742379,
  "prop_Entire condo": 0.0062211365438997746,
  "prop_Entire guest suite": 0.002940010279417038,
  "prop_Entire guesthouse": 0.0022405951749533415,
  "prop_Entire home": 0.0026382440701127052,
  "prop_Entire loft": 0.003234268631786108,
  "prop_Entire rental unit": 0.003048825776204467,
  "prop_Entire serviced apartment": 0.0016266043530777097,
  "prop_Entire townhouse": 0.0018523882608860731,
  "prop_Other": 0.004631067626178265,
  "prop_Private room in bed and breakfast": 0.0019071062561124563,
  "prop_Private room in bungalow": 0.002960672602057457,
  "prop_Private room in condo": 0.004787623416632414,
  "prop_Private room in guest suite": 0.002303387736901641,
  "prop_Private room in guesthouse": 0.000510066223796457,
  "prop_Private room in home": 0.02734997496008873,
  "prop_Private room in rental unit": 0.0036857458762824535,
  "prop_Private room in townhouse": 0.002420986071228981,
  "prop_Private room in villa": 0.0019499263726174831,
  "prop_Room in hotel": 0.003932280465960503,
  "prop_Shared room in rental unit": 0.013984344899654388,
  "room_Entire home/apt": 0.38414132595062256,
  "room_Hotel room": 2.969119668705389e-05,
  "room_Private room": 0.3458983302116394,
  "room_Shared room": 0.00987950898706913,
  "hood_Neighborhood highlights": 0.0018491490045562387,
  "hood_Unknown": 0.0017108337488025427
}