{
  "dist_to_subway_meters": 0.0015979248564690351,
  "dist_to_union_meters": 0.006425305735319853,
  "number_of_reviews": 0.002000420354306698,
  "reviews_per_month": 0.0019747784826904535,
  "minimum_nights": 0.008394552394747734,
  "availability_365": 0.0025402300525456667,
  "calculated_host_listings_count": 0.006376194767653942,
  "accommodates": 0.03794851899147034,
  "bedrooms": 0.014599410817027092,
  "beds": 0.0019674014765769243,
  "bathrooms": 0.043193671852350235,
  "has_pool": 0.005954565480351448,
  "has_ac": 0.002466802019625902,
  "has_fparking": 0.0029531584586948156,
  "has_wifi": 0.0014587856130674481,
  "review_scores_rating": 0.0017192779341712594,
  "review_scores_cleanliness": 0.0020550487097352743,
  "review_scores_location": 0.0020951160695403814,
  "review_scores_value": 0.0012789508327841759,
  "host_is_superhost": 0.001741006737574935,
  "host_identity_verified": 0.0015253094024956226,
  "instant_bookable": 0.0016112072626128793,
  "privacy_index": 0.00227081379853189,
  "bathroom_ratio": 0.002123671816661954,
  "prop_Entire condo": 0.005073138978332281,
  "prop_Entire guest suite": 0.0015933398390188813,
  "prop_Entire home": 0.0015528466319665313,
  "prop_Entire rental unit": 0.001367509481497109,
  "prop_Entire townhouse": 0.001337492256425321,
  "prop_Other": 0.002671238034963608,
  "prop_Private room in bungalow": 0.0011099769035354257,
  "prop_Private room in condo": 0.003722721477970481,
  "prop_Private room in home": 0.009008821099996567,
  "prop_Private room in rental unit": 0.0017365686362609267,
  "prop_Private room in townhouse": 0.0011693068081513047,
  "room_Entire home/apt": 0.485755980014801,
  "room_Hotel room": 0.0,
  "room_Private room": 0.28572776913642883,
  "room_Shared room": 0.006752372719347477,
  "hood_Annex": 0.003093820996582508,
  "hood_Bay Street Corridor": 0.0013801864115521312,
  "hood_Church-Yonge Corridor": 0.0013543337117880583,
  "hood_Dovercourt-Wallace Emerson-Junction": 0.0017467610305175185,
  "hood_Kensington-Chinatown": 0.004693497903645039,
  "hood_Little Portugal": 0.0014511459739878774,
  "hood_Mimico (includes Humber Bay Shores)": 0.0014848971040919423,
  "hood_Moss Park": 0.0015868502669036388,
  "hood_Niagara": 0.0015205409144982696,
  "hood_Other": 0.007614903151988983,
  "hood_Palmerston-Little Italy": 0.0013604557607322931,
  "hood_South Riverdale": 0.0013755307300016284,
  "hood_Trinity-Bellwoods": 0.001391770550981164,
  "hood_Waterfront Communities-The Island": 0.0026668577920645475,
  "hood_Willowdale East": 0.001341782626695931,
  "hood_York University Heights": 0.0010855474974960089
}