{
  "dist_to_subway_meters": 0.005698008928447962,
  "dist_to_union_meters": 0.008891412988305092,
  "number_of_reviews": 0.0053483108058571815,
  "reviews_per_month": 0.006767710205167532,
  "minimum_nights": 0.019261425361037254,
  "availability_365": 0.007368510589003563,
  "calculated_host_listings_count": 0.01089217234402895,
  "room_Entire home/apt": 0.4591499865055084,
  "room_Hotel room": 0.010359026491641998,
  "room_Private room": 0.2957035005092621,
  "room_Shared room": 0.026911238208413124,
  "hood_Annex": 0.008283709175884724,
  "hood_Bay Street Corridor": 0.008281007409095764,
  "hood_Church-Yonge Corridor": 0.006370029412209988,
  "hood_Dovercourt-Wallace Emerson-Junction": 0.011312986724078655,
  "hood_Kensington-Chinatown": 0.014161967672407627,
  "hood_Little Portugal": 0.008711358532309532,
  "hood_Mimico (includes Humber Bay Shores)": 0.0073622120544314384,
  "hood_Moss Park": 0.005349042359739542,
  "hood_Niagara": 0.008875036612153053,
  "hood_Other": 0.008426303043961525,
  "hood_Palmerston-Little Italy": 0.008288842625916004,
  "hood_South Riverdale": 0.006236557383090258,
  "hood_Trinity-Bellwoods": 0.0066589536145329475,
  "hood_Waterfront Communities-The Island": 0.01874445751309395,
  "hood_Willowdale East": 0.009541753679513931,
  "hood_York University Heights": 0.007044476456940174
}