{
  "rmse": 77.63535357829247,
  "mae": 42.480740380530456,
  "r2": 0.5962226413223282
}