{
  "rmse": 98.89590160908887,
  "mae": 56.65981113363286,
  "r2": 0.3447915638521315
}