{
  "rmse": 78.61400535498987,
  "mae": 43.881469069086776,
  "r2": 0.5859786470901276
}