{
  "rmse": 77.80753209871504,
  "mae": 43.18439639891897,
  "r2": 0.5944296725992427
}